Category,Subreddit,Description
General,/r/Music
General,/r/listentothis,"Find fresh music by rising, overlooked, and underappreciated artists. Popularity limits keep submissions fresh."
General,/r/rnb,"A rising community for those who are passionate about R&B, soul, and related genres to share music and friendly discussion."
General,/r/rap,"A great place to share and discuss your favorite rap artists and the hip-hop scene."
General,/r/Metal,"Shreddit, Reddit's Metal community. A great place for metalheads to meet, and share ideas/music."
Classical music,/r/baroque
Classical music,/r/classicalmusic
Classical music,/r/composer,"user-made compositions and discussions"
Classical music,/r/contemporary
Classical music,/r/concertband
Classical music,/r/choralmusic
Classical music,/r/ChamberMusic
Classical music,/r/EarlyMusic,"music from the Renaissance and earlier"
Classical music,/r/earlymusicalnotation,"manuscripts and facsimiles from late antiquity through 1600 CE"
Classical music,/r/ElitistClassical
Classical music,/r/icm
Classical music,/r/Opera
Classical music,/r/orchestra
Electronic music,/r/acidhouse
Electronic music,/r/ambientmusic
Electronic music,/r/AStateOfTrance
Electronic music,/r/AtmosphericDnB
Electronic music,/r/BigBeat
Electronic music,/r/boogiemusic,"80s sounds, timeless grooves!"
Electronic music,/r/breakbeat
Electronic music,/r/breakcore
Electronic music,/r/chicagohouse
Electronic music,/r/chillout
Electronic music,/r/Chipbreak
Electronic music,/r/Chiptunes
Electronic music,/r/complextro
Electronic music,/r/cxd,"a mix of underground experimental and club music"
Electronic music,/r/darkstep
Electronic music,/r/deephouse
Electronic music,/r/DnB
Electronic music,/r/DubStep
Electronic music,/r/EDM
Electronic music,/r/EBM,"Electronic Body Music"
Electronic music,/r/electronicdancemusic
Electronic music,/r/ElectronicJazz
Electronic music,/r/ElectronicBlues
Electronic music,/r/electrohiphop
Electronic music,/r/electrohouse
Electronic music,/r/electronicmagic
Electronic music,/r/ElectronicMusic
Electronic music,/r/electropop
Electronic music,/r/electroswing
Electronic music,/r/ExperimentalMusic
Electronic music,/r/fidget
Electronic music,/r/filth
Electronic music,/r/frenchelectro
Electronic music,/r/frenchhouse
Electronic music,/r/fusiondancemusic
Electronic music,/r/futurebeats
Electronic music,/r/FutureFunkAirlines
Electronic music,/r/FutureGarage
Electronic music,/r/futuresynth
Electronic music,/r/gabber
Electronic music,/r/glitch
Electronic music,/r/glitchop
Electronic music,/r/Grime
Electronic music,/r/happyhardcore
Electronic music,/r/hardhouse
Electronic music,/r/hardstyle
Electronic music,/r/house
Electronic music,/r/idm
Electronic music,/r/industrialmusic
Electronic music,/r/ItaloDisco
Electronic music,/r/jungle
Electronic music,/r/latinhouse
Electronic music,/r/LiquidDnB
Electronic music,/r/mashups
Electronic music,/r/melodichouse
Electronic music,/r/minimal
Electronic music,/r/mixes
Electronic music,/r/moombahcore
Electronic music,/r/nightstep
Electronic music,/r/OldskoolRave,"underground rave classics of the late 80s and early 90s"
Electronic music,/r/Outrun
Electronic music,/r/theOverload,"gritty, well-selected techno and house cuts (with some lo-fi)"
Electronic music,/r/partymusic
Electronic music,/r/plunderphonics
Electronic music,/r/psybient
Electronic music,/r/PsyBreaks
Electronic music,/r/psytrance
Electronic music,/r/purplemusic
Electronic music,/r/raggajungle
Electronic music,/r/RealDubstep
Electronic music,/r/skweee
Electronic music,/r/swinghouse
Electronic music,/r/synthwave
Electronic music,/r/tech_house
Electronic music,/r/Techno
Electronic music,/r/Trance
Electronic music,/r/tranceandbass,"the energy of drum and bass with the sounds of trance"
Electronic music,/r/trap
Electronic music,/r/tribalbeats
Electronic music,/r/TropicalHouse
Electronic music,/r/ukfunky
Electronic music,/r/witch_house
Electronic music,/r/wuuB
Rock/Metal,/r/80sHardcorePunk
Rock/Metal,/r/90sAlternative
Rock/Metal,/r/90sPunk
Rock/Metal,/r/90sRock
Rock/Metal,/r/AlternativeRock
Rock/Metal,/r/AltCountry
Rock/Metal,/r/AORMelodic
Rock/Metal,/r/ausmetal,"Australian metal"
Rock/Metal,/r/blackgaze
Rock/Metal,/r/BlackMetal
Rock/Metal,/r/bluegrass
Rock/Metal,/r/Blues
Rock/Metal,/r/bluesrock
Rock/Metal,/r/Boneyard,"20th century hard rock"
Rock/Metal,/r/CanadianClassicRock
Rock/Metal,/r/CanadianMusic
Rock/Metal,/r/ClassicRock
Rock/Metal,/r/country
Rock/Metal,/r/Christcore
Rock/Metal,/r/crunkcore
Rock/Metal,/r/deathcore
Rock/Metal,/r/deathmetal
Rock/Metal,/r/Djent
Rock/Metal,/r/DoomMetal
Rock/Metal,/r/Drone
Rock/Metal,/r/Emo
Rock/Metal,/r/EmoScreamo
Rock/Metal,/r/epicmetal
Rock/Metal,/r/flocked,"indie rock, alternative rock, garage rock, and related genres"
Rock/Metal,/r/folk
Rock/Metal,/r/folkmetal
Rock/Metal,/r/folkpunk
Rock/Metal,/r/folkrock
Rock/Metal,/r/folkunknown
Rock/Metal,/r/GaragePunk
Rock/Metal,/r/GarageRock
Rock/Metal,/r/GothicMetal
Rock/Metal,/r/Grunge
Rock/Metal,/r/hardcore
Rock/Metal,/r/HardRock
Rock/Metal,/r/horrorpunk,"horror punk, psychobilly, and related genres"
Rock/Metal,/r/indie_rock
Rock/Metal,/r/jrock
Rock/Metal,/r/krautrock
Rock/Metal,/r/LadiesofMetal
Rock/Metal,/r/MathRock
Rock/Metal,/r/melodicdeathmetal
Rock/Metal,/r/MelodicMetal
Rock/Metal,/r/Metalmusic
Rock/Metal,/r/metal
Rock/Metal,/r/metalcore
Rock/Metal,/r/ModernRockMusic
Rock/Metal,/r/monsterfuzz
Rock/Metal,/r/NewWave
Rock/Metal,/r/noiserock
Rock/Metal,/r/numetal
Rock/Metal,/r/pianorock
Rock/Metal,/r/poppunkers
Rock/Metal,/r/PostHardcore
Rock/Metal,/r/postmetal
Rock/Metal,/r/PostRock
Rock/Metal,/r/powermetal
Rock/Metal,/r/powerpop
Rock/Metal,/r/ProgMetal
Rock/Metal,/r/progrockmusic
Rock/Metal,/r/PsychedelicRock
Rock/Metal,/r/punk
Rock/Metal,/r/Punkskahardcore
Rock/Metal,/r/Punk_Rock
Rock/Metal,/r/raprock,"rap rock, rap metal, & rapcore"
Rock/Metal,/r/Rock
Rock/Metal,/r/RockArgentino
Rock/Metal,/r/rockhall
Rock/Metal,/r/shoegaze
Rock/Metal,/r/stonerrock
Rock/Metal,/r/symphonicblackmetal
Rock/Metal,/r/symphonicmetal
Rock/Metal,/r/synthrock
Rock/Metal,/r/ThrowbackCore
Rock/Metal,/r/truethrash
Rock/Metal,/r/Truemetal
Rock/Metal,/r/OutlawCountry
Rock/Metal,/r/WomenRock
Rock/Metal,/r/YachtRock
Hip-hop,/r/80sHipHop
Hip-hop,/r/90sHipHop
Hip-hop,/r/altrap
Hip-hop,/r/asianrap
Hip-hop,/r/backpacker
Hip-hop,/r/backspin
Hip-hop,/r/BayRap
Hip-hop,/r/ChapHop
Hip-hop,/r/ChiefKeef,"Chief Keef, GBE, drill, and more"
Hip-hop,/r/DrillandBop
Hip-hop,/r/Emo_Trap
Hip-hop,/r/Gfunk
Hip-hop,/r/hiphopheads
Hip-hop,/r/hiphopheadsnorthwest
Hip-hop,/r/hiphop101
Hip-hop,/r/MemphisRap
Hip-hop,/r/NYrap
Hip-hop,/r/Rap
Hip-hop,/r/raprock,"rap rock, rap metal, & rapcore"
Hip-hop,/r/rapverses
Hip-hop,/r/rhymesandbeats
Hip-hop,/r/trapmuzik
Hip-hop,/r/ukhiphopheads
Hip-hop,/r/undergroundchicago
Hip-hop,/r/LofiHipHop
By Decade,/r/2010smusic
By Decade,/r/2000smusic
By Decade,/r/90sMusic
By Decade,/r/80sremixes
By Decade,/r/80sMusic
By Decade,/r/70sMusic
By Decade,/r/60sMusic
By Decade,/r/50sMusic
By Decade,/r/Music1940s
By country/region/culture,/r/albanianmusic
By country/region/culture,/r/AustinMusicians
By country/region/culture,/r/AfricanMusic
By country/region/culture,/r/afrobeat
By country/region/culture,/r/balkanbrass
By country/region/culture,/r/balkanmusic
By country/region/culture,/r/brazilianmusic
By country/region/culture,/r/britpop
By country/region/culture,/r/citypop
By country/region/culture,/r/CroatianMusic
By country/region/culture,/r/Flamenco
By country/region/culture,/r/greekmusic
By country/region/culture,/r/international_music
By country/region/culture,/r/Irishmusic
By country/region/culture,/r/ItalianMusic
By country/region/culture,/r/jpop,"Japanese"
By country/region/culture,/r/KoreanRock
By country/region/culture,/r/kpop,"Korean"
By country/region/culture,/r/MoscowBeat,"Russian"
By country/region/culture,/r/RoMusic,"Romanian"
By country/region/culture,/r/spop,"Sweden"
By country/region/culture,/r/somluso,"Portuguese"
By country/region/culture,/r/TorontoMusic
By country/region/culture,/r/UKbands
By country/region/culture,/r/ukmusic
By country/region/culture,/r/WorldMusic
Other,/r/70s
Other,/r/Acappella
Other,/r/ambientfolk
Other,/r/animemusic
Other,/r/AntiFolk
Other,/r/AvantGardeMusic
Other,/r/bassmusic
Other,/r/boomswing
Other,/r/bossanova
Other,/r/BrokenBeat
Other,/r/carmusic
Other,/r/concerts
Other,/r/chillmusic
Other,/r/chillwave
Other,/r/cpop
Other,/r/Complextro
Other,/r/Cumbia
Other,/r/CozyMusic
Other,/r/dancepunk
Other,/r/DarkAmbient
Other,/r/dembow
Other,/r/disco
Other,/r/DreamPop
Other,/r/drone
Other,/r/dub
Other,/r/Elephant6
Other,/r/ETIMusic,"a place for epic, trailer, and instrumental music"
Other,/r/Exotica
Other,/r/Funk
Other,/r/FunkSouMusic
Other,/r/futurefunk
Other,/r/freejazz
Other,/r/gamemusic
Other,/r/GamesMusicMixMash
Other,/r/GunslingerMusic
Other,/r/GypsyJazz
Other,/r/HappyMusic
Other,/r/HYPERPOP
Other,/r/IndieFolk
Other,/r/ItaloHouse
Other,/r/INFPmusic
Other,/r/jambands
Other,/r/JanglePop
Other,/r/japanoise
Other,/r/jazz
Other,/r/JazzFusion
Other,/r/JazzInfluence
Other,/r/listentoconcerts
Other,/r/klezmer
Other,/r/MedievalMusic
Other,/r/MelancholyMusic
Other,/r/minimalism_music
Other,/r/motown
Other,/r/MovieMusic
Other,/r/MusicForConcentration
Other,/r/muzyka
Other,/r/NightMusic
Other,/r/nintendomusic
Other,/r/NuDisco
Other,/r/obscuremusic
Other,/r/oldiemusic
Other,/r/OldiesMusic,"for those who miss and enjoy music from back in the day"
Other,/r/pianocovers
Other,/r/popheads,"for discussion of pop music"
Other,/r/PoptoRock
Other,/r/queercore
Other,/r/QuietStorm
Other,/r/rainymood
Other,/r/recordstorefinds
Other,/r/reggae
Other,/r/remixxd,"links to cover songs from around the world"
Other,/r/RetroMusic
Other,/r/rnb
Other,/r/RnBHeads
Other,/r/rootsmusic
Other,/r/SadMusic
Other,/r/SalsaMusic
Other,/r/seashanties
Other,/r/Ska
Other,/r/Soca,"all about the TnT sound. Soca, Calypso, or similar music"
Other,/r/songbooks
Other,/r/Soul
Other,/r/SoundsVintage
Other,/r/SpaceMusic
Other,/r/SurfPunk
Other,/r/swing
Other,/r/Tango
Other,/r/TheRealBookVideos
Other,/r/TheHot100
Other,/r/TouhouMusic
Other,/r/TraditionalMusic
Other,/r/treemusic
Other,/r/triphop
Other,/r/vaporwave
Other,/r/VintageObscura,"old and rare records"
Other,/r/vocaloid
Other,/r/WitchHouse
Other,/r/Zydeco
Multi-genre,/r/audioinsurrection,"a backdrop for sharing radical music from all genres."
Multi-genre,/r/Albums
Multi-genre,/r/albumlisteners
Multi-genre,/r/bassheavy
Multi-genre,/r/BinauralMusic
Multi-genre,/r/BoyBands
Multi-genre,/r/Catchysongs
Multi-genre,/r/Chopping
Multi-genre,/r/CircleMusic
Multi-genre,/r/CoverSongs
Multi-genre,/r/cyberpunk_music
Multi-genre,/r/DANCEPARTY
Multi-genre,/r/danktunes
Multi-genre,/r/deepcuts,"favorite lesser known tracks"
Multi-genre,/r/EarlyMusic,"music from the Renaissance and earlier"
Multi-genre,/r/earlymusicalnotation,"manuscripts and facsimiles from late antiquity through 1600 CE"
Multi-genre,/r/FemaleVocalists
Multi-genre,/r/festivals
Multi-genre,/r/FitTunes,"whatever you like to listen to while working out"
Multi-genre,/r/FreeAlbums
Multi-genre,/r/freemusic
Multi-genre,/r/Frisson
Multi-genre,/r/gameofbands
Multi-genre,/r/GayMusic
Multi-genre,/r/germusic,"for music by German artists or in the German language"
Multi-genre,/r/gethightothis
Multi-genre,/r/GuiltyPleasureMusic
Multi-genre,/r/HeadNodders
Multi-genre,/r/heady
Multi-genre,/r/HeyThatWasIn
Multi-genre,/r/HighFidelity
Multi-genre,/r/ilikethissong
Multi-genre,/r/indie,"the place to share and discuss indie music"
Multi-genre,/r/IndieWok
Multi-genre,/r/Indieheads
Multi-genre,/r/Instrumentals
Multi-genre,/r/ipm
Multi-genre,/r/IsolatedVocals
Multi-genre,/r/LeeHallMusic
Multi-genre,/r/LetsTalkMusic
Multi-genre,/r/listentoconcerts
Multi-genre,/r/listentodynamic,"Share and discover music not taking part in the Loudness War"
Multi-genre,/r/listentomusic
Multi-genre,/r/listentonews
Multi-genre,/r/ListenToThis
Multi-genre,/r/ListenToUs
Multi-genre,/r/livemusic
Multi-genre,/r/llawenyddhebddiwedd,"Welsh language music"
Multi-genre,/r/LongerJams
Multi-genre,/r/Lyrics
Multi-genre,/r/mainstreammusic
Multi-genre,/r/MiddleEasternMusic
Multi-genre,/r/MLPtunes
Multi-genre,/r/Music
Multi-genre,/r/MusicAlbums,"a place to share entire albums in playlist form"
Multi-genre,/r/musicanova,"Portuguese version of /r/listentothis"
Multi-genre,/r/musicsuggestions
Multi-genre,/r/MusicToSleepTo
Multi-genre,/r/musicvideos
Multi-genre,/r/NameThatSong
Multi-genre,/r/NewAlbums,"the place to share all new and upcoming releases"
Multi-genre,/r/newmusic
Multi-genre,/r/onealbumaweek
Multi-genre,/r/partymusic
Multi-genre,/r/RedditOriginals
Multi-genre,/r/RepublicOfMusic
Multi-genre,/r/RoyaltyFreeMusic
Multi-genre,/r/runningmusic
Multi-genre,/r/ScottishMusic
Multi-genre,/r/SlavicMusicVideos
Multi-genre,/r/songwriterscircle,"a critique-based based community for songwriters to develop their musical compositions and analytical skills through participation"
Multi-genre,/r/SpotifyMusic,"a place to share Spotify URIs"
Multi-genre,/r/ThemVoices
Multi-genre,/r/TodaysFavoriteSong
Multi-genre,/r/unheardof
Multi-genre,/r/WhatIListenTo
Multi-genre,/r/WTFMusicVideos
Community,/r/audiophilemusic,"for those with an affliction for high fidelity sound"
Community,/r/bandmembers
Community,/r/germusic,"for music by German artists or in the German language"
Community,/r/japanesemusic
Community,/r/Jazzguitar,"a community for jazz guitarists"
Community,/r/koreanmusic
Community,/r/LubbockMusicians,"current day music scene of Buddy Holly's hometown"
Community,/r/mixcd
Community,/r/musiccritics
Community,/r/MusicalComedy
Community,/r/MusicProduction
Community,/r/OSOM
Community,/r/performer
Community,/r/RecordClub
Community,/r/recordstore
Community,/r/TouringMusicians
Redditor-made music,/r/AcousticCovers
Redditor-made music,/r/AcousticOriginals
Redditor-made music,/r/BedroomBands
Redditor-made music,/r/classicalguitar
Redditor-made music,/r/Composer
Redditor-made music,/r/fingerstyleguitar
Redditor-made music,/r/ICoveredASong
Redditor-made music,/r/independentmusic
Redditor-made music,/r/MusicCritique
Redditor-made music,/r/Music_City
Redditor-made music,/r/MusicInTheMaking
Redditor-made music,/r/musicimade
Redditor-made music,/r/musicmakers
Redditor-made music,/r/Musicians
Redditor-made music,/r/MyMusic
Redditor-made music,/r/piano
Redditor-made music,/r/promotemusic
Redditor-made music,/r/PromoteMyMusic
Redditor-made music,/r/RadioReddit
Redditor-made music,/r/RoastMyTrack
Redditor-made music,/r/RateMyPerformance
Redditor-made music,/r/shareyourmusic
Redditor-made music,/r/Songwriters
Redditor-made music,/r/Songwriting
Redditor-made music,/r/TheseAreOurAlbums
Redditor-made music,/r/ThisIsOurMusic
Redditor-made music,/r/UserProduced
Redditor-made music,/r/VGCovers
Redditor-made music,/r/WereOnSpotify
Redditor-made music,/r/WhiteLabels
